generation,best_fitness,mean_fitness,median_fitness
0,0.09798764500137305,-799999.980402471,-1000000.0
