generation,best_fitness,mean_fitness,median_fitness
0,0.2782792625622156,-299999.98271705233,-0.02433272353638731
