generation,best_fitness,mean_fitness,median_fitness
0,0.6990225849031699,0.3510543628278033,0.33397233824877487
