morph_id,algo,best_mean,best_std,t_viable_med,time_mean,n
0,cmaes,0.02542287390679121,0.003974973333094677,inf,90.09307870850898,2
0,pso,0.023422030732035637,0.0002565584035979397,inf,130.19842345803045,2
1,cmaes,0.034173532389104366,0.015499557540530935,inf,94.78929406253155,2
1,pso,0.022816971875727177,6.309778348785627e-05,inf,128.47452043701196,2
2,cmaes,0.023305829614400864,0.0009129955691551142,inf,89.84590652101906,2
2,pso,0.02741547767072916,0.006138866292628871,inf,114.69189502048539,2
