generation,best_fitness,mean_fitness,median_fitness
0,0.4074347499582816,-402784.2457780157,-13921.658642014427
