generation,best_fitness,mean_fitness,median_fitness
0,0.5945240770294138,-599999.8897181184,-1000000.0
