generation,best_fitness,mean_fitness,median_fitness
0,0.7739560485559633,0.7739560485559632,0.7739560485559633
